depth;[09262023][105105]_1118..png
depth;[09262023][105105]_1118..png
depth;[09262023][105105]_1118..png
depth;[09262023][105105]_1118..png
depth;[09262023][105105]_1118..png
depth;[09262023][105105]_1118..png
depth;[09262023][105105]_1118..png
depth;[09262023][105105]_1118..png
depth;[09262023][105105]_1118..png
depth;[09262023][105105]_1118..png
depth;[09262023][105105]_1118..png
depth;[09262023][105105]_1118..png
depth;[09262023][105105]_1118..png
depth;[09262023][105105]_1118..png
depth;[09262023][105105]_1188..png
depth;[09262023][105105]_1188..png
depth;[09262023][105105]_1188..png
depth;[09262023][105105]_1188..png
depth;[09262023][105105]_1188..png
depth;[09262023][105105]_1188..png
depth;[09262023][105105]_1188..png
depth;[09262023][105105]_1188..png
depth;[09262023][105105]_1188..png
depth;[09262023][105105]_1188..png
depth;[09262023][105105]_1188..png
depth;[09262023][105105]_1188..png
depth;[09262023][105105]_1188..png
depth;[09262023][105105]_1188..png
depth;[09262023][105105]_1232..png
depth;[09262023][105105]_1232..png
depth;[09262023][105105]_1232..png
depth;[09262023][105105]_1232..png
depth;[09262023][105105]_1232..png
depth;[09262023][105105]_1232..png
depth;[09262023][105105]_1232..png
depth;[09262023][105105]_1232..png
depth;[09262023][105105]_1232..png
depth;[09262023][105105]_1232..png
depth;[09262023][105105]_1232..png
depth;[09262023][105105]_1232..png
depth;[09262023][105105]_1232..png
depth;[09262023][105105]_1232..png
depth;[09262023][105105]_1435..png
depth;[09262023][105105]_1435..png
depth;[09262023][105105]_1435..png
depth;[09262023][105105]_1435..png
depth;[09262023][105105]_1435..png
depth;[09262023][105105]_1435..png
depth;[09262023][105105]_1435..png
depth;[09262023][105105]_1435..png
depth;[09262023][105105]_1435..png
depth;[09262023][105105]_1435..png
depth;[09262023][105105]_1435..png
depth;[09262023][105105]_1435..png
depth;[09262023][105105]_1435..png
depth;[09262023][105105]_1435..png
depth;[09262023][111355]_454..png
depth;[09262023][111355]_454..png
depth;[09262023][111355]_454..png
depth;[09262023][111355]_454..png
depth;[09262023][111355]_454..png
depth;[09262023][111355]_454..png
depth;[09262023][111355]_454..png
depth;[09262023][111355]_454..png
depth;[09262023][111355]_454..png
depth;[09262023][111355]_454..png
depth;[09262023][111355]_454..png
depth;[09262023][111355]_454..png
depth;[09262023][111355]_454..png
depth;[09262023][111355]_454..png
depth;[09262023][111355]_572..png
depth;[09262023][111355]_572..png
depth;[09262023][111355]_572..png
depth;[09262023][111355]_572..png
depth;[09262023][111355]_572..png
depth;[09262023][111355]_572..png
depth;[09262023][111355]_572..png
depth;[09262023][111355]_572..png
depth;[09262023][111355]_572..png
depth;[09262023][111355]_572..png
depth;[09262023][111355]_572..png
depth;[09262023][111355]_572..png
depth;[09262023][111355]_572..png
depth;[09262023][111355]_572..png
depth;[09262023][111355]_579..png
depth;[09262023][111355]_579..png
depth;[09262023][111355]_579..png
depth;[09262023][111355]_579..png
depth;[09262023][111355]_579..png
depth;[09262023][111355]_579..png
depth;[09262023][111355]_579..png
depth;[09262023][111355]_579..png
depth;[09262023][111355]_579..png
depth;[09262023][111355]_579..png
depth;[09262023][111355]_579..png
depth;[09262023][111355]_579..png
depth;[09262023][111355]_579..png
depth;[09262023][111355]_579..png
depth;[09262023][153203]_127..png
depth;[09262023][153203]_127..png
depth;[09262023][153203]_127..png
depth;[09262023][153203]_127..png
depth;[09262023][153203]_127..png
depth;[09262023][153203]_127..png
depth;[09262023][153203]_127..png
depth;[09262023][153203]_127..png
depth;[09262023][153203]_127..png
depth;[09262023][153203]_127..png
depth;[09262023][153203]_127..png
depth;[09262023][153203]_127..png
depth;[09262023][153203]_127..png
depth;[09262023][153203]_127..png
depth;[09262023][153203]_290..png
depth;[09262023][153203]_290..png
depth;[09262023][153203]_290..png
depth;[09262023][153203]_290..png
depth;[09262023][153203]_290..png
depth;[09262023][153203]_290..png
depth;[09262023][153203]_290..png
depth;[09262023][153203]_290..png
depth;[09262023][153203]_290..png
depth;[09262023][153203]_290..png
depth;[09262023][153203]_290..png
depth;[09262023][153203]_290..png
depth;[09262023][153203]_290..png
depth;[09262023][153203]_290..png
depth;[09262023][155635]_203..png
depth;[09262023][155635]_203..png
depth;[09262023][155635]_203..png
depth;[09262023][155635]_203..png
depth;[09262023][155635]_203..png
depth;[09262023][155635]_203..png
depth;[09262023][155635]_203..png
depth;[09262023][155635]_203..png
depth;[09262023][155635]_203..png
depth;[09262023][155635]_203..png
depth;[09262023][155635]_203..png
depth;[09262023][155635]_203..png
depth;[09262023][155635]_203..png
depth;[09262023][155635]_203..png
depth;[09272023][111016]_1206..png
depth;[09272023][111016]_1206..png
depth;[09272023][111016]_1206..png
depth;[09272023][111016]_1206..png
depth;[09272023][111016]_1206..png
depth;[09272023][111016]_1206..png
depth;[09272023][111016]_1206..png
depth;[09272023][111016]_1206..png
depth;[09272023][111016]_1206..png
depth;[09272023][111016]_1206..png
depth;[09272023][111016]_1206..png
depth;[09272023][111016]_1206..png
depth;[09272023][111016]_1206..png
depth;[09272023][111016]_1206..png
depth;[09272023][111016]_1216..png
depth;[09272023][111016]_1216..png
depth;[09272023][111016]_1216..png
depth;[09272023][111016]_1216..png
depth;[09272023][111016]_1216..png
depth;[09272023][111016]_1216..png
depth;[09272023][111016]_1216..png
depth;[09272023][111016]_1216..png
depth;[09272023][111016]_1216..png
depth;[09272023][111016]_1216..png
depth;[09272023][111016]_1216..png
depth;[09272023][111016]_1216..png
depth;[09272023][111016]_1216..png
depth;[09272023][111016]_1216..png
depth;[09272023][111016]_1278..png
depth;[09272023][111016]_1278..png
depth;[09272023][111016]_1278..png
depth;[09272023][111016]_1278..png
depth;[09272023][111016]_1278..png
depth;[09272023][111016]_1278..png
depth;[09272023][111016]_1278..png
depth;[09272023][111016]_1278..png
depth;[09272023][111016]_1278..png
depth;[09272023][111016]_1278..png
depth;[09272023][111016]_1278..png
depth;[09272023][111016]_1278..png
depth;[09272023][111016]_1278..png
depth;[09272023][111016]_1278..png
depth;[09272023][111016]_1293..png
depth;[09272023][111016]_1293..png
depth;[09272023][111016]_1293..png
depth;[09272023][111016]_1293..png
depth;[09272023][111016]_1293..png
depth;[09272023][111016]_1293..png
depth;[09272023][111016]_1293..png
depth;[09272023][111016]_1293..png
depth;[09272023][111016]_1293..png
depth;[09272023][111016]_1293..png
depth;[09272023][111016]_1293..png
depth;[09272023][111016]_1293..png
depth;[09272023][111016]_1293..png
depth;[09272023][111016]_1293..png
depth;[09272023][111016]_1315..png
depth;[09272023][111016]_1315..png
depth;[09272023][111016]_1315..png
depth;[09272023][111016]_1315..png
depth;[09272023][111016]_1315..png
depth;[09272023][111016]_1315..png
depth;[09272023][111016]_1315..png
depth;[09272023][111016]_1315..png
depth;[09272023][111016]_1315..png
depth;[09272023][111016]_1315..png
depth;[09272023][111016]_1315..png
depth;[09272023][111016]_1315..png
depth;[09272023][111016]_1315..png
depth;[09272023][111016]_1315..png
depth;[09272023][144941]_459..png
depth;[09272023][144941]_459..png
depth;[09272023][144941]_459..png
depth;[09272023][144941]_459..png
depth;[09272023][144941]_459..png
depth;[09272023][144941]_459..png
depth;[09272023][144941]_459..png
depth;[09272023][144941]_459..png
depth;[09272023][144941]_459..png
depth;[09272023][144941]_459..png
depth;[09272023][144941]_459..png
depth;[09272023][144941]_459..png
depth;[09272023][144941]_459..png
depth;[09272023][144941]_459..png
depth;[09272023][144941]_492..png
depth;[09272023][144941]_492..png
depth;[09272023][144941]_492..png
depth;[09272023][144941]_492..png
depth;[09272023][144941]_492..png
depth;[09272023][144941]_492..png
depth;[09272023][144941]_492..png
depth;[09272023][144941]_492..png
depth;[09272023][144941]_492..png
depth;[09272023][144941]_492..png
depth;[09272023][144941]_492..png
depth;[09272023][144941]_492..png
depth;[09272023][144941]_492..png
depth;[09272023][144941]_492..png
depth;[09272023][144941]_497..png
depth;[09272023][144941]_497..png
depth;[09272023][144941]_497..png
depth;[09272023][144941]_497..png
depth;[09272023][144941]_497..png
depth;[09272023][144941]_497..png
depth;[09272023][144941]_497..png
depth;[09272023][144941]_497..png
depth;[09272023][144941]_497..png
depth;[09272023][144941]_497..png
depth;[09272023][144941]_497..png
depth;[09272023][144941]_497..png
depth;[09272023][144941]_497..png
depth;[09272023][144941]_497..png
depth;[09272023][144941]_513..png
depth;[09272023][144941]_513..png
depth;[09272023][144941]_513..png
depth;[09272023][144941]_513..png
depth;[09272023][144941]_513..png
depth;[09272023][144941]_513..png
depth;[09272023][144941]_513..png
depth;[09272023][144941]_513..png
depth;[09272023][144941]_513..png
depth;[09272023][144941]_513..png
depth;[09272023][144941]_513..png
depth;[09272023][144941]_513..png
depth;[09272023][144941]_513..png
depth;[09272023][144941]_513..png
depth;[09272023][151650]_392..png
depth;[09272023][151650]_392..png
depth;[09272023][151650]_392..png
depth;[09272023][151650]_392..png
depth;[09272023][151650]_392..png
depth;[09272023][151650]_392..png
depth;[09272023][151650]_392..png
depth;[09272023][151650]_392..png
depth;[09272023][151650]_392..png
depth;[09272023][151650]_392..png
depth;[09272023][151650]_392..png
depth;[09272023][151650]_392..png
depth;[09272023][151650]_392..png
depth;[09272023][151650]_392..png
intensity;[09262023][105105]_1118..png
intensity;[09262023][105105]_1118..png
intensity;[09262023][105105]_1118..png
intensity;[09262023][105105]_1118..png
intensity;[09262023][105105]_1118..png
intensity;[09262023][105105]_1118..png
intensity;[09262023][105105]_1118..png
intensity;[09262023][105105]_1118..png
intensity;[09262023][105105]_1118..png
intensity;[09262023][105105]_1118..png
intensity;[09262023][105105]_1118..png
intensity;[09262023][105105]_1118..png
intensity;[09262023][105105]_1118..png
intensity;[09262023][105105]_1118..png
intensity;[09262023][105105]_1188..png
intensity;[09262023][105105]_1188..png
intensity;[09262023][105105]_1188..png
intensity;[09262023][105105]_1188..png
intensity;[09262023][105105]_1188..png
intensity;[09262023][105105]_1188..png
intensity;[09262023][105105]_1188..png
intensity;[09262023][105105]_1188..png
intensity;[09262023][105105]_1188..png
intensity;[09262023][105105]_1188..png
intensity;[09262023][105105]_1188..png
intensity;[09262023][105105]_1188..png
intensity;[09262023][105105]_1188..png
intensity;[09262023][105105]_1188..png
intensity;[09262023][105105]_1232..png
intensity;[09262023][105105]_1232..png
intensity;[09262023][105105]_1232..png
intensity;[09262023][105105]_1232..png
intensity;[09262023][105105]_1232..png
intensity;[09262023][105105]_1232..png
intensity;[09262023][105105]_1232..png
intensity;[09262023][105105]_1232..png
intensity;[09262023][105105]_1232..png
intensity;[09262023][105105]_1232..png
intensity;[09262023][105105]_1232..png
intensity;[09262023][105105]_1232..png
intensity;[09262023][105105]_1232..png
intensity;[09262023][105105]_1232..png
intensity;[09262023][105105]_1435..png
intensity;[09262023][105105]_1435..png
intensity;[09262023][105105]_1435..png
intensity;[09262023][105105]_1435..png
intensity;[09262023][105105]_1435..png
intensity;[09262023][105105]_1435..png
intensity;[09262023][105105]_1435..png
intensity;[09262023][105105]_1435..png
intensity;[09262023][105105]_1435..png
intensity;[09262023][105105]_1435..png
intensity;[09262023][105105]_1435..png
intensity;[09262023][105105]_1435..png
intensity;[09262023][105105]_1435..png
intensity;[09262023][105105]_1435..png
intensity;[09262023][111355]_454..png
intensity;[09262023][111355]_454..png
intensity;[09262023][111355]_454..png
intensity;[09262023][111355]_454..png
intensity;[09262023][111355]_454..png
intensity;[09262023][111355]_454..png
intensity;[09262023][111355]_454..png
intensity;[09262023][111355]_454..png
intensity;[09262023][111355]_454..png
intensity;[09262023][111355]_454..png
intensity;[09262023][111355]_454..png
intensity;[09262023][111355]_454..png
intensity;[09262023][111355]_454..png
intensity;[09262023][111355]_454..png
intensity;[09262023][111355]_572..png
intensity;[09262023][111355]_572..png
intensity;[09262023][111355]_572..png
intensity;[09262023][111355]_572..png
intensity;[09262023][111355]_572..png
intensity;[09262023][111355]_572..png
intensity;[09262023][111355]_572..png
intensity;[09262023][111355]_572..png
intensity;[09262023][111355]_572..png
intensity;[09262023][111355]_572..png
intensity;[09262023][111355]_572..png
intensity;[09262023][111355]_572..png
intensity;[09262023][111355]_572..png
intensity;[09262023][111355]_572..png
intensity;[09262023][111355]_579..png
intensity;[09262023][111355]_579..png
intensity;[09262023][111355]_579..png
intensity;[09262023][111355]_579..png
intensity;[09262023][111355]_579..png
intensity;[09262023][111355]_579..png
intensity;[09262023][111355]_579..png
intensity;[09262023][111355]_579..png
intensity;[09262023][111355]_579..png
intensity;[09262023][111355]_579..png
intensity;[09262023][111355]_579..png
intensity;[09262023][111355]_579..png
intensity;[09262023][111355]_579..png
intensity;[09262023][111355]_579..png
intensity;[09262023][153203]_127..png
intensity;[09262023][153203]_127..png
intensity;[09262023][153203]_127..png
intensity;[09262023][153203]_127..png
intensity;[09262023][153203]_127..png
intensity;[09262023][153203]_127..png
intensity;[09262023][153203]_127..png
intensity;[09262023][153203]_127..png
intensity;[09262023][153203]_127..png
intensity;[09262023][153203]_127..png
intensity;[09262023][153203]_127..png
intensity;[09262023][153203]_127..png
intensity;[09262023][153203]_127..png
intensity;[09262023][153203]_127..png
intensity;[09262023][153203]_290..png
intensity;[09262023][153203]_290..png
intensity;[09262023][153203]_290..png
intensity;[09262023][153203]_290..png
intensity;[09262023][153203]_290..png
intensity;[09262023][153203]_290..png
intensity;[09262023][153203]_290..png
intensity;[09262023][153203]_290..png
intensity;[09262023][153203]_290..png
intensity;[09262023][153203]_290..png
intensity;[09262023][153203]_290..png
intensity;[09262023][153203]_290..png
intensity;[09262023][153203]_290..png
intensity;[09262023][153203]_290..png
intensity;[09262023][155635]_203..png
intensity;[09262023][155635]_203..png
intensity;[09262023][155635]_203..png
intensity;[09262023][155635]_203..png
intensity;[09262023][155635]_203..png
intensity;[09262023][155635]_203..png
intensity;[09262023][155635]_203..png
intensity;[09262023][155635]_203..png
intensity;[09262023][155635]_203..png
intensity;[09262023][155635]_203..png
intensity;[09262023][155635]_203..png
intensity;[09262023][155635]_203..png
intensity;[09262023][155635]_203..png
intensity;[09262023][155635]_203..png
intensity;[09272023][111016]_1206..png
intensity;[09272023][111016]_1206..png
intensity;[09272023][111016]_1206..png
intensity;[09272023][111016]_1206..png
intensity;[09272023][111016]_1206..png
intensity;[09272023][111016]_1206..png
intensity;[09272023][111016]_1206..png
intensity;[09272023][111016]_1206..png
intensity;[09272023][111016]_1206..png
intensity;[09272023][111016]_1206..png
intensity;[09272023][111016]_1206..png
intensity;[09272023][111016]_1206..png
intensity;[09272023][111016]_1206..png
intensity;[09272023][111016]_1206..png
intensity;[09272023][111016]_1216..png
intensity;[09272023][111016]_1216..png
intensity;[09272023][111016]_1216..png
intensity;[09272023][111016]_1216..png
intensity;[09272023][111016]_1216..png
intensity;[09272023][111016]_1216..png
intensity;[09272023][111016]_1216..png
intensity;[09272023][111016]_1216..png
intensity;[09272023][111016]_1216..png
intensity;[09272023][111016]_1216..png
intensity;[09272023][111016]_1216..png
intensity;[09272023][111016]_1216..png
intensity;[09272023][111016]_1216..png
intensity;[09272023][111016]_1216..png
intensity;[09272023][111016]_1278..png
intensity;[09272023][111016]_1278..png
intensity;[09272023][111016]_1278..png
intensity;[09272023][111016]_1278..png
intensity;[09272023][111016]_1278..png
intensity;[09272023][111016]_1278..png
intensity;[09272023][111016]_1278..png
intensity;[09272023][111016]_1278..png
intensity;[09272023][111016]_1278..png
intensity;[09272023][111016]_1278..png
intensity;[09272023][111016]_1278..png
intensity;[09272023][111016]_1278..png
intensity;[09272023][111016]_1278..png
intensity;[09272023][111016]_1278..png
intensity;[09272023][111016]_1293..png
intensity;[09272023][111016]_1293..png
intensity;[09272023][111016]_1293..png
intensity;[09272023][111016]_1293..png
intensity;[09272023][111016]_1293..png
intensity;[09272023][111016]_1293..png
intensity;[09272023][111016]_1293..png
intensity;[09272023][111016]_1293..png
intensity;[09272023][111016]_1293..png
intensity;[09272023][111016]_1293..png
intensity;[09272023][111016]_1293..png
intensity;[09272023][111016]_1293..png
intensity;[09272023][111016]_1293..png
intensity;[09272023][111016]_1293..png
intensity;[09272023][111016]_1315..png
intensity;[09272023][111016]_1315..png
intensity;[09272023][111016]_1315..png
intensity;[09272023][111016]_1315..png
intensity;[09272023][111016]_1315..png
intensity;[09272023][111016]_1315..png
intensity;[09272023][111016]_1315..png
intensity;[09272023][111016]_1315..png
intensity;[09272023][111016]_1315..png
intensity;[09272023][111016]_1315..png
intensity;[09272023][111016]_1315..png
intensity;[09272023][111016]_1315..png
intensity;[09272023][111016]_1315..png
intensity;[09272023][111016]_1315..png
intensity;[09272023][144941]_459..png
intensity;[09272023][144941]_459..png
intensity;[09272023][144941]_459..png
intensity;[09272023][144941]_459..png
intensity;[09272023][144941]_459..png
intensity;[09272023][144941]_459..png
intensity;[09272023][144941]_459..png
intensity;[09272023][144941]_459..png
intensity;[09272023][144941]_459..png
intensity;[09272023][144941]_459..png
intensity;[09272023][144941]_459..png
intensity;[09272023][144941]_459..png
intensity;[09272023][144941]_459..png
intensity;[09272023][144941]_459..png
intensity;[09272023][144941]_492..png
intensity;[09272023][144941]_492..png
intensity;[09272023][144941]_492..png
intensity;[09272023][144941]_492..png
intensity;[09272023][144941]_492..png
intensity;[09272023][144941]_492..png
intensity;[09272023][144941]_492..png
intensity;[09272023][144941]_492..png
intensity;[09272023][144941]_492..png
intensity;[09272023][144941]_492..png
intensity;[09272023][144941]_492..png
intensity;[09272023][144941]_492..png
intensity;[09272023][144941]_492..png
intensity;[09272023][144941]_492..png
intensity;[09272023][144941]_497..png
intensity;[09272023][144941]_497..png
intensity;[09272023][144941]_497..png
intensity;[09272023][144941]_497..png
intensity;[09272023][144941]_497..png
intensity;[09272023][144941]_497..png
intensity;[09272023][144941]_497..png
intensity;[09272023][144941]_497..png
intensity;[09272023][144941]_497..png
intensity;[09272023][144941]_497..png
intensity;[09272023][144941]_497..png
intensity;[09272023][144941]_497..png
intensity;[09272023][144941]_497..png
intensity;[09272023][144941]_497..png
intensity;[09272023][144941]_513..png
intensity;[09272023][144941]_513..png
intensity;[09272023][144941]_513..png
intensity;[09272023][144941]_513..png
intensity;[09272023][144941]_513..png
intensity;[09272023][144941]_513..png
intensity;[09272023][144941]_513..png
intensity;[09272023][144941]_513..png
intensity;[09272023][144941]_513..png
intensity;[09272023][144941]_513..png
intensity;[09272023][144941]_513..png
intensity;[09272023][144941]_513..png
intensity;[09272023][144941]_513..png
intensity;[09272023][144941]_513..png
intensity;[09272023][151650]_392..png
intensity;[09272023][151650]_392..png
intensity;[09272023][151650]_392..png
intensity;[09272023][151650]_392..png
intensity;[09272023][151650]_392..png
intensity;[09272023][151650]_392..png
intensity;[09272023][151650]_392..png
intensity;[09272023][151650]_392..png
intensity;[09272023][151650]_392..png
intensity;[09272023][151650]_392..png
intensity;[09272023][151650]_392..png
intensity;[09272023][151650]_392..png
intensity;[09272023][151650]_392..png
intensity;[09272023][151650]_392..png
rgb;[09262023][105105]_1118..png
rgb;[09262023][105105]_1118..png
rgb;[09262023][105105]_1118..png
rgb;[09262023][105105]_1118..png
rgb;[09262023][105105]_1118..png
rgb;[09262023][105105]_1118..png
rgb;[09262023][105105]_1118..png
rgb;[09262023][105105]_1118..png
rgb;[09262023][105105]_1118..png
rgb;[09262023][105105]_1118..png
rgb;[09262023][105105]_1118..png
rgb;[09262023][105105]_1118..png
rgb;[09262023][105105]_1118..png
rgb;[09262023][105105]_1118..png
rgb;[09262023][105105]_1188..png
rgb;[09262023][105105]_1188..png
rgb;[09262023][105105]_1188..png
rgb;[09262023][105105]_1188..png
rgb;[09262023][105105]_1188..png
rgb;[09262023][105105]_1188..png
rgb;[09262023][105105]_1188..png
rgb;[09262023][105105]_1188..png
rgb;[09262023][105105]_1188..png
rgb;[09262023][105105]_1188..png
rgb;[09262023][105105]_1188..png
rgb;[09262023][105105]_1188..png
rgb;[09262023][105105]_1188..png
rgb;[09262023][105105]_1188..png
rgb;[09262023][105105]_1232..png
rgb;[09262023][105105]_1232..png
rgb;[09262023][105105]_1232..png
rgb;[09262023][105105]_1232..png
rgb;[09262023][105105]_1232..png
rgb;[09262023][105105]_1232..png
rgb;[09262023][105105]_1232..png
rgb;[09262023][105105]_1232..png
rgb;[09262023][105105]_1232..png
rgb;[09262023][105105]_1232..png
rgb;[09262023][105105]_1232..png
rgb;[09262023][105105]_1232..png
rgb;[09262023][105105]_1232..png
rgb;[09262023][105105]_1232..png
rgb;[09262023][105105]_1435..png
rgb;[09262023][105105]_1435..png
rgb;[09262023][105105]_1435..png
rgb;[09262023][105105]_1435..png
rgb;[09262023][105105]_1435..png
rgb;[09262023][105105]_1435..png
rgb;[09262023][105105]_1435..png
rgb;[09262023][105105]_1435..png
rgb;[09262023][105105]_1435..png
rgb;[09262023][105105]_1435..png
rgb;[09262023][105105]_1435..png
rgb;[09262023][105105]_1435..png
rgb;[09262023][105105]_1435..png
rgb;[09262023][105105]_1435..png
rgb;[09262023][111355]_454..png
rgb;[09262023][111355]_454..png
rgb;[09262023][111355]_454..png
rgb;[09262023][111355]_454..png
rgb;[09262023][111355]_454..png
rgb;[09262023][111355]_454..png
rgb;[09262023][111355]_454..png
rgb;[09262023][111355]_454..png
rgb;[09262023][111355]_454..png
rgb;[09262023][111355]_454..png
rgb;[09262023][111355]_454..png
rgb;[09262023][111355]_454..png
rgb;[09262023][111355]_454..png
rgb;[09262023][111355]_454..png
rgb;[09262023][111355]_572..png
rgb;[09262023][111355]_572..png
rgb;[09262023][111355]_572..png
rgb;[09262023][111355]_572..png
rgb;[09262023][111355]_572..png
rgb;[09262023][111355]_572..png
rgb;[09262023][111355]_572..png
rgb;[09262023][111355]_572..png
rgb;[09262023][111355]_572..png
rgb;[09262023][111355]_572..png
rgb;[09262023][111355]_572..png
rgb;[09262023][111355]_572..png
rgb;[09262023][111355]_572..png
rgb;[09262023][111355]_572..png
rgb;[09262023][111355]_579..png
rgb;[09262023][111355]_579..png
rgb;[09262023][111355]_579..png
rgb;[09262023][111355]_579..png
rgb;[09262023][111355]_579..png
rgb;[09262023][111355]_579..png
rgb;[09262023][111355]_579..png
rgb;[09262023][111355]_579..png
rgb;[09262023][111355]_579..png
rgb;[09262023][111355]_579..png
rgb;[09262023][111355]_579..png
rgb;[09262023][111355]_579..png
rgb;[09262023][111355]_579..png
rgb;[09262023][111355]_579..png
rgb;[09262023][153203]_127..png
rgb;[09262023][153203]_127..png
rgb;[09262023][153203]_127..png
rgb;[09262023][153203]_127..png
rgb;[09262023][153203]_127..png
rgb;[09262023][153203]_127..png
rgb;[09262023][153203]_127..png
rgb;[09262023][153203]_127..png
rgb;[09262023][153203]_127..png
rgb;[09262023][153203]_127..png
rgb;[09262023][153203]_127..png
rgb;[09262023][153203]_127..png
rgb;[09262023][153203]_127..png
rgb;[09262023][153203]_127..png
rgb;[09262023][153203]_290..png
rgb;[09262023][153203]_290..png
rgb;[09262023][153203]_290..png
rgb;[09262023][153203]_290..png
rgb;[09262023][153203]_290..png
rgb;[09262023][153203]_290..png
rgb;[09262023][153203]_290..png
rgb;[09262023][153203]_290..png
rgb;[09262023][153203]_290..png
rgb;[09262023][153203]_290..png
rgb;[09262023][153203]_290..png
rgb;[09262023][153203]_290..png
rgb;[09262023][153203]_290..png
rgb;[09262023][153203]_290..png
rgb;[09262023][155635]_203..png
rgb;[09262023][155635]_203..png
rgb;[09262023][155635]_203..png
rgb;[09262023][155635]_203..png
rgb;[09262023][155635]_203..png
rgb;[09262023][155635]_203..png
rgb;[09262023][155635]_203..png
rgb;[09262023][155635]_203..png
rgb;[09262023][155635]_203..png
rgb;[09262023][155635]_203..png
rgb;[09262023][155635]_203..png
rgb;[09262023][155635]_203..png
rgb;[09262023][155635]_203..png
rgb;[09262023][155635]_203..png
rgb;[09272023][111016]_1206..png
rgb;[09272023][111016]_1206..png
rgb;[09272023][111016]_1206..png
rgb;[09272023][111016]_1206..png
rgb;[09272023][111016]_1206..png
rgb;[09272023][111016]_1206..png
rgb;[09272023][111016]_1206..png
rgb;[09272023][111016]_1206..png
rgb;[09272023][111016]_1206..png
rgb;[09272023][111016]_1206..png
rgb;[09272023][111016]_1206..png
rgb;[09272023][111016]_1206..png
rgb;[09272023][111016]_1206..png
rgb;[09272023][111016]_1206..png
rgb;[09272023][111016]_1216..png
rgb;[09272023][111016]_1216..png
rgb;[09272023][111016]_1216..png
rgb;[09272023][111016]_1216..png
rgb;[09272023][111016]_1216..png
rgb;[09272023][111016]_1216..png
rgb;[09272023][111016]_1216..png
rgb;[09272023][111016]_1216..png
rgb;[09272023][111016]_1216..png
rgb;[09272023][111016]_1216..png
rgb;[09272023][111016]_1216..png
rgb;[09272023][111016]_1216..png
rgb;[09272023][111016]_1216..png
rgb;[09272023][111016]_1216..png
rgb;[09272023][111016]_1278..png
rgb;[09272023][111016]_1278..png
rgb;[09272023][111016]_1278..png
rgb;[09272023][111016]_1278..png
rgb;[09272023][111016]_1278..png
rgb;[09272023][111016]_1278..png
rgb;[09272023][111016]_1278..png
rgb;[09272023][111016]_1278..png
rgb;[09272023][111016]_1278..png
rgb;[09272023][111016]_1278..png
rgb;[09272023][111016]_1278..png
rgb;[09272023][111016]_1278..png
rgb;[09272023][111016]_1278..png
rgb;[09272023][111016]_1278..png
rgb;[09272023][111016]_1293..png
rgb;[09272023][111016]_1293..png
rgb;[09272023][111016]_1293..png
rgb;[09272023][111016]_1293..png
rgb;[09272023][111016]_1293..png
rgb;[09272023][111016]_1293..png
rgb;[09272023][111016]_1293..png
rgb;[09272023][111016]_1293..png
rgb;[09272023][111016]_1293..png
rgb;[09272023][111016]_1293..png
rgb;[09272023][111016]_1293..png
rgb;[09272023][111016]_1293..png
rgb;[09272023][111016]_1293..png
rgb;[09272023][111016]_1293..png
rgb;[09272023][111016]_1315..png
rgb;[09272023][111016]_1315..png
rgb;[09272023][111016]_1315..png
rgb;[09272023][111016]_1315..png
rgb;[09272023][111016]_1315..png
rgb;[09272023][111016]_1315..png
rgb;[09272023][111016]_1315..png
rgb;[09272023][111016]_1315..png
rgb;[09272023][111016]_1315..png
rgb;[09272023][111016]_1315..png
rgb;[09272023][111016]_1315..png
rgb;[09272023][111016]_1315..png
rgb;[09272023][111016]_1315..png
rgb;[09272023][111016]_1315..png
rgb;[09272023][144941]_459..png
rgb;[09272023][144941]_459..png
rgb;[09272023][144941]_459..png
rgb;[09272023][144941]_459..png
rgb;[09272023][144941]_459..png
rgb;[09272023][144941]_459..png
rgb;[09272023][144941]_459..png
rgb;[09272023][144941]_459..png
rgb;[09272023][144941]_459..png
rgb;[09272023][144941]_459..png
rgb;[09272023][144941]_459..png
rgb;[09272023][144941]_459..png
rgb;[09272023][144941]_459..png
rgb;[09272023][144941]_459..png
rgb;[09272023][144941]_492..png
rgb;[09272023][144941]_492..png
rgb;[09272023][144941]_492..png
rgb;[09272023][144941]_492..png
rgb;[09272023][144941]_492..png
rgb;[09272023][144941]_492..png
rgb;[09272023][144941]_492..png
rgb;[09272023][144941]_492..png
rgb;[09272023][144941]_492..png
rgb;[09272023][144941]_492..png
rgb;[09272023][144941]_492..png
rgb;[09272023][144941]_492..png
rgb;[09272023][144941]_492..png
rgb;[09272023][144941]_492..png
rgb;[09272023][144941]_497..png
rgb;[09272023][144941]_497..png
rgb;[09272023][144941]_497..png
rgb;[09272023][144941]_497..png
rgb;[09272023][144941]_497..png
rgb;[09272023][144941]_497..png
rgb;[09272023][144941]_497..png
rgb;[09272023][144941]_497..png
rgb;[09272023][144941]_497..png
rgb;[09272023][144941]_497..png
rgb;[09272023][144941]_497..png
rgb;[09272023][144941]_497..png
rgb;[09272023][144941]_497..png
rgb;[09272023][144941]_497..png
rgb;[09272023][144941]_513..png
rgb;[09272023][144941]_513..png
rgb;[09272023][144941]_513..png
rgb;[09272023][144941]_513..png
rgb;[09272023][144941]_513..png
rgb;[09272023][144941]_513..png
rgb;[09272023][144941]_513..png
rgb;[09272023][144941]_513..png
rgb;[09272023][144941]_513..png
rgb;[09272023][144941]_513..png
rgb;[09272023][144941]_513..png
rgb;[09272023][144941]_513..png
rgb;[09272023][144941]_513..png
rgb;[09272023][144941]_513..png
rgb;[09272023][151650]_392..png
rgb;[09272023][151650]_392..png
rgb;[09272023][151650]_392..png
rgb;[09272023][151650]_392..png
rgb;[09272023][151650]_392..png
rgb;[09272023][151650]_392..png
rgb;[09272023][151650]_392..png
rgb;[09272023][151650]_392..png
rgb;[09272023][151650]_392..png
rgb;[09272023][151650]_392..png
rgb;[09272023][151650]_392..png
rgb;[09272023][151650]_392..png
rgb;[09272023][151650]_392..png
rgb;[09272023][151650]_392..png
thermal;[09262023][105105]_1137..png
thermal;[09262023][105105]_1137..png
thermal;[09262023][105105]_1137..png
thermal;[09262023][105105]_1137..png
thermal;[09262023][105105]_1137..png
thermal;[09262023][105105]_1137..png
thermal;[09262023][105105]_1137..png
thermal;[09262023][105105]_1137..png
thermal;[09262023][105105]_1137..png
thermal;[09262023][105105]_1137..png
thermal;[09262023][105105]_1137..png
thermal;[09262023][105105]_1137..png
thermal;[09262023][105105]_1137..png
thermal;[09262023][105105]_1137..png
thermal;[09262023][105105]_1140..png
thermal;[09262023][105105]_1140..png
thermal;[09262023][105105]_1140..png
thermal;[09262023][105105]_1140..png
thermal;[09262023][105105]_1140..png
thermal;[09262023][105105]_1140..png
thermal;[09262023][105105]_1140..png
thermal;[09262023][105105]_1140..png
thermal;[09262023][105105]_1140..png
thermal;[09262023][105105]_1140..png
thermal;[09262023][105105]_1140..png
thermal;[09262023][105105]_1140..png
thermal;[09262023][105105]_1140..png
thermal;[09262023][105105]_1140..png
thermal;[09262023][105105]_1290..png
thermal;[09262023][105105]_1290..png
thermal;[09262023][105105]_1290..png
thermal;[09262023][105105]_1290..png
thermal;[09262023][105105]_1290..png
thermal;[09262023][105105]_1290..png
thermal;[09262023][105105]_1290..png
thermal;[09262023][105105]_1290..png
thermal;[09262023][105105]_1290..png
thermal;[09262023][105105]_1290..png
thermal;[09262023][105105]_1290..png
thermal;[09262023][105105]_1290..png
thermal;[09262023][105105]_1290..png
thermal;[09262023][105105]_1290..png
thermal;[09262023][105105]_1365..png
thermal;[09262023][105105]_1365..png
thermal;[09262023][105105]_1365..png
thermal;[09262023][105105]_1365..png
thermal;[09262023][105105]_1365..png
thermal;[09262023][105105]_1365..png
thermal;[09262023][105105]_1365..png
thermal;[09262023][105105]_1365..png
thermal;[09262023][105105]_1365..png
thermal;[09262023][105105]_1365..png
thermal;[09262023][105105]_1365..png
thermal;[09262023][105105]_1365..png
thermal;[09262023][105105]_1365..png
thermal;[09262023][105105]_1365..png
thermal;[09262023][105105]_1397..png
thermal;[09262023][105105]_1397..png
thermal;[09262023][105105]_1397..png
thermal;[09262023][105105]_1397..png
thermal;[09262023][105105]_1397..png
thermal;[09262023][105105]_1397..png
thermal;[09262023][105105]_1397..png
thermal;[09262023][105105]_1397..png
thermal;[09262023][105105]_1397..png
thermal;[09262023][105105]_1397..png
thermal;[09262023][105105]_1397..png
thermal;[09262023][105105]_1397..png
thermal;[09262023][105105]_1397..png
thermal;[09262023][105105]_1397..png
thermal;[09262023][111355]_349..png
thermal;[09262023][111355]_349..png
thermal;[09262023][111355]_349..png
thermal;[09262023][111355]_349..png
thermal;[09262023][111355]_349..png
thermal;[09262023][111355]_349..png
thermal;[09262023][111355]_349..png
thermal;[09262023][111355]_349..png
thermal;[09262023][111355]_349..png
thermal;[09262023][111355]_349..png
thermal;[09262023][111355]_349..png
thermal;[09262023][111355]_349..png
thermal;[09262023][111355]_349..png
thermal;[09262023][111355]_349..png
thermal;[09262023][111355]_385..png
thermal;[09262023][111355]_385..png
thermal;[09262023][111355]_385..png
thermal;[09262023][111355]_385..png
thermal;[09262023][111355]_385..png
thermal;[09262023][111355]_385..png
thermal;[09262023][111355]_385..png
thermal;[09262023][111355]_385..png
thermal;[09262023][111355]_385..png
thermal;[09262023][111355]_385..png
thermal;[09262023][111355]_385..png
thermal;[09262023][111355]_385..png
thermal;[09262023][111355]_385..png
thermal;[09262023][111355]_385..png
thermal;[09262023][111355]_579..png
thermal;[09262023][111355]_579..png
thermal;[09262023][111355]_579..png
thermal;[09262023][111355]_579..png
thermal;[09262023][111355]_579..png
thermal;[09262023][111355]_579..png
thermal;[09262023][111355]_579..png
thermal;[09262023][111355]_579..png
thermal;[09262023][111355]_579..png
thermal;[09262023][111355]_579..png
thermal;[09262023][111355]_579..png
thermal;[09262023][111355]_579..png
thermal;[09262023][111355]_579..png
thermal;[09262023][111355]_579..png
thermal;[09262023][153203]_295..png
thermal;[09262023][153203]_295..png
thermal;[09262023][153203]_295..png
thermal;[09262023][153203]_295..png
thermal;[09262023][153203]_295..png
thermal;[09262023][153203]_295..png
thermal;[09262023][153203]_295..png
thermal;[09262023][153203]_295..png
thermal;[09262023][153203]_295..png
thermal;[09262023][153203]_295..png
thermal;[09262023][153203]_295..png
thermal;[09262023][153203]_295..png
thermal;[09262023][153203]_295..png
thermal;[09262023][153203]_295..png
thermal;[09262023][155635]_268..png
thermal;[09262023][155635]_268..png
thermal;[09262023][155635]_268..png
thermal;[09262023][155635]_268..png
thermal;[09262023][155635]_268..png
thermal;[09262023][155635]_268..png
thermal;[09262023][155635]_268..png
thermal;[09262023][155635]_268..png
thermal;[09262023][155635]_268..png
thermal;[09262023][155635]_268..png
thermal;[09262023][155635]_268..png
thermal;[09262023][155635]_268..png
thermal;[09262023][155635]_268..png
thermal;[09262023][155635]_268..png
thermal;[09262023][155635]_354..png
thermal;[09262023][155635]_354..png
thermal;[09262023][155635]_354..png
thermal;[09262023][155635]_354..png
thermal;[09262023][155635]_354..png
thermal;[09262023][155635]_354..png
thermal;[09262023][155635]_354..png
thermal;[09262023][155635]_354..png
thermal;[09262023][155635]_354..png
thermal;[09262023][155635]_354..png
thermal;[09262023][155635]_354..png
thermal;[09262023][155635]_354..png
thermal;[09262023][155635]_354..png
thermal;[09262023][155635]_354..png
thermal;[09272023][111016]_1309..png
thermal;[09272023][111016]_1309..png
thermal;[09272023][111016]_1309..png
thermal;[09272023][111016]_1309..png
thermal;[09272023][111016]_1309..png
thermal;[09272023][111016]_1309..png
thermal;[09272023][111016]_1309..png
thermal;[09272023][111016]_1309..png
thermal;[09272023][111016]_1309..png
thermal;[09272023][111016]_1309..png
thermal;[09272023][111016]_1309..png
thermal;[09272023][111016]_1309..png
thermal;[09272023][111016]_1309..png
thermal;[09272023][111016]_1309..png
thermal;[09272023][144941]_170..png
thermal;[09272023][144941]_170..png
thermal;[09272023][144941]_170..png
thermal;[09272023][144941]_170..png
thermal;[09272023][144941]_170..png
thermal;[09272023][144941]_170..png
thermal;[09272023][144941]_170..png
thermal;[09272023][144941]_170..png
thermal;[09272023][144941]_170..png
thermal;[09272023][144941]_170..png
thermal;[09272023][144941]_170..png
thermal;[09272023][144941]_170..png
thermal;[09272023][144941]_170..png
thermal;[09272023][144941]_170..png
thermal;[09272023][144941]_593..png
thermal;[09272023][144941]_593..png
thermal;[09272023][144941]_593..png
thermal;[09272023][144941]_593..png
thermal;[09272023][144941]_593..png
thermal;[09272023][144941]_593..png
thermal;[09272023][144941]_593..png
thermal;[09272023][144941]_593..png
thermal;[09272023][144941]_593..png
thermal;[09272023][144941]_593..png
thermal;[09272023][144941]_593..png
thermal;[09272023][144941]_593..png
thermal;[09272023][144941]_593..png
thermal;[09272023][144941]_593..png
thermal;[09272023][144941]_674..png
thermal;[09272023][144941]_674..png
thermal;[09272023][144941]_674..png
thermal;[09272023][144941]_674..png
thermal;[09272023][144941]_674..png
thermal;[09272023][144941]_674..png
thermal;[09272023][144941]_674..png
thermal;[09272023][144941]_674..png
thermal;[09272023][144941]_674..png
thermal;[09272023][144941]_674..png
thermal;[09272023][144941]_674..png
thermal;[09272023][144941]_674..png
thermal;[09272023][144941]_674..png
thermal;[09272023][144941]_674..png
thermal;[09272023][151650]_392..png
thermal;[09272023][151650]_392..png
thermal;[09272023][151650]_392..png
thermal;[09272023][151650]_392..png
thermal;[09272023][151650]_392..png
thermal;[09272023][151650]_392..png
thermal;[09272023][151650]_392..png
thermal;[09272023][151650]_392..png
thermal;[09272023][151650]_392..png
thermal;[09272023][151650]_392..png
thermal;[09272023][151650]_392..png
thermal;[09272023][151650]_392..png
thermal;[09272023][151650]_392..png
thermal;[09272023][151650]_392..png
